full_name,id,name,is_fork,owner,owner_url,repo_url,stars,forks,watchers,language,description,open_issues,license_name,topics,default_branch,pushed_at,created_at,updated_at
BunsDev/functions-workshop,790367092,functions-workshop,False,BunsDev,https://github.com/BunsDev,https://github.com/BunsDev/functions-workshop,16,18,16,Solidity,Using OpenAI to post a price forecast on-chain using Chainlink Functions,0,,,main,2024-06-03 13:28:12+00:00,2024-04-22 18:47:40+00:00,2025-01-27 19:54:07+00:00
opexdev/core,370411517,core,False,opexdev,https://github.com/opexdev,https://github.com/opexdev/core,82,36,82,Kotlin,"Core for OPEX exchange, Open Source Cryptocurrency Exchange",6,MIT License,"docker, cryptocurrency-exchanges, redis, kafka, keycloak, jenkins, microservice, cryptocurrency, blockchain, spring-boot",main,2025-02-20 14:34:09+00:00,2021-05-24 16:08:20+00:00,2025-02-19 02:46:23+00:00
toma-x/exploring-order-book-predictability,747867585,exploring-order-book-predictability,False,toma-x,https://github.com/toma-x,https://github.com/toma-x/exploring-order-book-predictability,35,8,35,Jupyter Notebook,"Deep learning approach for market price prediction, in JAX",1,,"binance, bitcoin, crypto, cryptocurrency, exchange, hft, high-frequency-trading, limit-order-book, order-book, orderbook, trading",main,2024-05-20 05:52:13+00:00,2024-01-24 19:52:18+00:00,2025-02-04 05:49:39+00:00
ethereum-optimism/lib-keccak,739139755,lib-keccak,False,ethereum-optimism,https://github.com/ethereum-optimism,https://github.com/ethereum-optimism/lib-keccak,27,11,27,Solidity,Keccak-f[1600] permutation in the EVM,1,MIT License,,main,2025-02-03 21:26:42+00:00,2024-01-04 21:35:47+00:00,2025-02-09 15:43:39+00:00
DevAloshe/BlockChain-Based-Document-Verfication-With-IPFS,609701136,BlockChain-Based-Document-Verfication-With-IPFS,False,DevAloshe,https://github.com/DevAloshe,https://github.com/DevAloshe/BlockChain-Based-Document-Verfication-With-IPFS,21,13,21,HTML,,0,,,main,2024-06-24 07:04:24+00:00,2023-03-05 00:49:54+00:00,2025-02-21 06:16:17+00:00
turborium/TurboriumBasic,423948222,TurboriumBasic,False,turborium,https://github.com/turborium,https://github.com/turborium/TurboriumBasic,19,7,19,Pascal,Simple BASIC interpriter,0,GNU General Public License v3.0,"basic, delphi, gdd, gdd-methodology, interpreter, object-pascal, pascal, programming-language, clean-architecture, clean-code, computer-science, cpp, ingenieria-informatica, linux-kernel, pure-c, web3, xplatform",main,2024-12-25 17:03:31+00:00,2021-11-02 18:03:38+00:00,2025-02-05 13:59:02+00:00
noahtheprogrammer/soltrade,564131319,soltrade,False,noahtheprogrammer,https://github.com/noahtheprogrammer,https://github.com/noahtheprogrammer/soltrade,292,123,292,Python,Python trading bot using the Solana blockchain.,3,GNU General Public License v3.0,"open-source, python, solana, technical-analysis, trading, trading-bot, trends, usdc",main,2024-07-27 21:33:45+00:00,2022-11-10 03:44:59+00:00,2025-02-21 05:59:47+00:00
dev-ptera/thebananostand,442316828,thebananostand,False,dev-ptera,https://github.com/dev-ptera,https://github.com/dev-ptera/thebananostand,22,9,22,TypeScript,"There's always money in The Banano Stand, a cryptocurrency web wallet. ",13,MIT License,"wallet, cryptocurrency, nanocurrency, banano-currency, ledger-wallet, ledger-web, angular, ledger, banano, ledger-nano, ledger-nano-s, ledger-nano-x",master,2025-02-14 17:09:19+00:00,2021-12-28 01:31:57+00:00,2025-02-14 17:09:23+00:00
bogdantimes/trading-helper,449193031,trading-helper,False,bogdantimes,https://github.com/bogdantimes,https://github.com/bogdantimes/trading-helper,20,6,20,TypeScript,Simple to use and secure autonomous trading bot with WEB application.,0,MIT License,"automation, binance, bot, crypto, cryptocurrency, google-apps-script, trading, bitcoin, trading-bot, tradinghelper, trading-script, script",main,2024-12-02 15:51:24+00:00,2022-01-18 08:01:24+00:00,2024-12-11 14:14:50+00:00
telsacoin/telsavideo,371045951,telsavideo,False,telsacoin,https://github.com/telsacoin,https://github.com/telsacoin/telsavideo,229,68,229,Dart,Community-focused Decentralized Cryptocurrency Video APP like Tiktok  ,10,,"video, dtok, flutter, dart, tiktok, decentralized-applications, android, video-streaming, ethereum-dapp, ios, ethereum, shortvideo",master,2025-01-20 18:08:34+00:00,2021-05-26 13:34:58+00:00,2025-02-12 05:57:56+00:00
novasamatech/nova-wallet-android,415834480,nova-wallet-android,False,novasamatech,https://github.com/novasamatech,https://github.com/novasamatech/nova-wallet-android,59,37,59,Kotlin,"Nova Wallet Android is a next gen application for Polkadot & Kusama ecosystem, transparent & community-oriented, focused on convenient UX/UI, fast performance & security.",20,Apache License 2.0,"blockchain, cryptocurrency, dapps, defi, nft, polkadot, self-custody, staking, substrate",develop,2025-02-21 12:22:41+00:00,2021-10-11 08:08:45+00:00,2025-02-21 09:45:08+00:00
Planetable/Planet,497232768,Planet,False,Planetable,https://github.com/Planetable,https://github.com/Planetable/Planet,1480,61,1480,Swift,Build and host decentralized blogs and websites on your Mac,78,MIT License,"blog, ens, ipfs, ipns, macos, swiftui, web3, kubo, static-site-generator",main,2025-02-17 07:32:43+00:00,2022-05-28 06:22:23+00:00,2025-02-20 03:05:30+00:00
AP3X-Dev/Solana-Casino,891092642,Solana-Casino,False,AP3X-Dev,https://github.com/AP3X-Dev,https://github.com/AP3X-Dev/Solana-Casino,5,6,5,TypeScript,"A revolutionary SaaS platform that transforms any Solana meme token into a fully-featured casino ecosystem. Create engaging gambling experiences for your community with provably fair games, seamless wallet integration, and Telegram bot support.",0,,"casino, casino-games, memecoin, saas, solana",main,2024-11-19 18:03:51+00:00,2024-11-19 17:59:33+00:00,2025-02-12 15:37:06+00:00
BlowaterNostr/blowater,660509656,blowater,False,BlowaterNostr,https://github.com/BlowaterNostr,https://github.com/BlowaterNostr/blowater,45,6,45,JavaScript,,12,GNU Affero General Public License v3.0,"chat, data-ownership, decentralized-applications, messaging, privacy, resiliency, web3",main,2024-08-29 08:49:15+00:00,2023-06-30 07:06:26+00:00,2024-11-01 06:56:04+00:00
KUnity/AR_Mobile_Fishing_Game,485670196,AR_Mobile_Fishing_Game,False,KUnity,https://github.com/KUnity,https://github.com/KUnity/AR_Mobile_Fishing_Game,10,6,10,C#,AR Mobile Fishing Game üê¨ with NFT,1,,,main,2024-02-23 08:36:51+00:00,2022-04-26 07:00:37+00:00,2024-12-02 17:42:15+00:00
AtlasDA0/app-contracts,743895433,app-contracts,False,AtlasDA0,https://github.com/AtlasDA0,https://github.com/AtlasDA0/app-contracts,8,5,8,Rust,"Cosmwasm implementation of non-custodial NFT loans,  on-chain raffles & P2P trading",7,Apache License 2.0,,main,2025-01-18 21:42:00+00:00,2024-01-16 08:08:58+00:00,2025-01-18 21:42:02+00:00
B2Bitcoin/beBOP,617162969,beBOP,False,B2Bitcoin,https://github.com/B2Bitcoin,https://github.com/B2Bitcoin/beBOP,28,5,28,TypeScript,Marvelous p2p bitcoin-based online sales platform,313,GNU Affero General Public License v3.0,,main,2025-02-17 16:08:15+00:00,2023-03-21 20:24:27+00:00,2025-02-14 16:36:27+00:00
topsecretagent007/ai-agent,921936847,ai-agent,False,topsecretagent007,https://github.com/topsecretagent007,https://github.com/topsecretagent007/ai-agent,14,19,14,TypeScript,blockchain ai agent blockchain agent ai,0,,"ai, ai-agent, blockchain, bot, trading, solana, meme",main,2025-01-24 22:53:09+00:00,2025-01-24 22:49:06+00:00,2025-02-05 15:57:14+00:00
TBR-Group-software/flutter_cryptocurrency_charts,432208360,flutter_cryptocurrency_charts,False,TBR-Group-software,https://github.com/TBR-Group-software,https://github.com/TBR-Group-software/flutter_cryptocurrency_charts,34,13,34,Dart,Flutter Cryptocurrency Charts application based on Clean Architecture.,0,GNU General Public License v3.0,"flutter, dart, flutter-bloc, clean-architecture, rest-api, flutter-charts, dependency-injection, shimmer, auto-router, crypto-currency",main,2024-11-04 13:34:46+00:00,2021-11-26 14:36:10+00:00,2025-01-20 16:30:26+00:00
Swarnendu0123/adopt-pet,823243100,adopt-pet,False,Swarnendu0123,https://github.com/Swarnendu0123,https://github.com/Swarnendu0123/adopt-pet,6,10,6,JavaScript,A Blockchain Based pet adopting platform.,12,MIT License,"hardhat, react, solidity",master,2024-11-11 15:55:09+00:00,2024-07-02 16:48:56+00:00,2025-01-02 13:58:17+00:00
bamactls/MEV-UniswapBot,915230898,MEV-UniswapBot,False,bamactls,https://github.com/bamactls,https://github.com/bamactls/MEV-UniswapBot,14,14,14,,"MEV Uniswap Bot ‚Äì A sophisticated bot built for executing MEV-based trading strategies, including sandwich attacks, on Uniswap. Maximizes profitability with high security and compatibility across EVM networks. Perfect for traders and developers looking to capitalize on Ethereum's mempool opportunities and automated trading solutions.",0,,,main,2025-01-11 10:03:55+00:00,2025-01-11 10:02:50+00:00,2025-02-05 16:53:15+00:00
DaScient/SuperTrendTradingBot,408179641,SuperTrendTradingBot,False,DaScient,https://github.com/DaScient,https://github.com/DaScient/SuperTrendTradingBot,23,13,23,Python,"A DASCIENT, LLC proprietary project & fully autonomous application of robust technical indicators against publicly traded market data  & cryptocurrency blockchain exchange platforms - en P√ø≈•ƒß√¥≈à.",0,MIT License,,main,2025-02-03 00:40:19+00:00,2021-09-19 16:33:52+00:00,2025-02-17 04:21:13+00:00
eriksol116/Pumpfun-sniper-grpc-V5.2-public,928414751,Pumpfun-sniper-grpc-V5.2-public,False,eriksol116,https://github.com/eriksol116,https://github.com/eriksol116/Pumpfun-sniper-grpc-V5.2-public,21,12,21,TypeScript,üåüüåüüåüüåüüåü PumpFun Sniper Bot : snipe token within 1 - 2 blocks after token mint. so bot always make profit,0,,"pumpfun, pumpfun-sniper, sniper, solana, sniper-pumpfun, snipe",main,2025-02-10 19:57:46+00:00,2025-02-06 15:48:41+00:00,2025-02-19 09:33:00+00:00
mooncityorg/solana-volume-bot-raydium,827653229,solana-volume-bot-raydium,False,mooncityorg,https://github.com/mooncityorg,https://github.com/mooncityorg/solana-volume-bot-raydium,129,70,129,TypeScript,Solana Raydium Volume Bot. This volume bot distribute SOL to multiple wallets and buy and sell with that distributed wallets permanently on the Raydium platform.,0,,"jito, solana-bundler, solana-volume, volume-bot-solana, solana-bund, solana-vol, solana-volume-bot, raydium-volume-bot, trading-bot, volume-bot, volumebot",main,2025-02-03 20:15:43+00:00,2024-07-12 05:22:09+00:00,2025-02-19 23:35:11+00:00
XRPLF/XRPL-Technical-Explorer,383624571,XRPL-Technical-Explorer,False,XRPLF,https://github.com/XRPLF,https://github.com/XRPLF/XRPL-Technical-Explorer,20,10,20,Vue,Technical (JSON viewer) explorer for XRPL devs. Click on account / hash / ... to zoom in.,4,MIT License,"xrpl, xrp, blockchain, explorer",main,2024-06-06 21:52:16+00:00,2021-07-06 23:49:46+00:00,2025-02-12 13:59:39+00:00
Rust-Sol-Dev/solana-raydium-volume-bot,823387781,solana-raydium-volume-bot,False,Rust-Sol-Dev,https://github.com/Rust-Sol-Dev,https://github.com/Rust-Sol-Dev/solana-raydium-volume-bot,11,6,11,TypeScript,üí∞Solana Raydium Volume Bot on Raydium to increase volume. Solana Raydium Volume Bot Solana Raydium Volume Bot Solana Raydium Volume Bot Solana Raydium Volume Bot Solana Raydium Volume Bot Solana Raydium Volume Bot Solana Raydium Volume Bot Solana Raydium Volume Bot Solana Raydium Volume Bot Solana Raydium Volume Bot Solana Raydium Volume Bot Solan,1,,"raydium, solana, volume-bot, bot, volume",master,2025-02-12 21:56:03+00:00,2024-07-03 00:17:29+00:00,2025-02-20 13:01:56+00:00
solagent99/Copy-Trading-Bot-Rust,928991764,Copy-Trading-Bot-Rust,False,solagent99,https://github.com/solagent99,https://github.com/solagent99/Copy-Trading-Bot-Rust,95,91,95,Rust,"üî•Solana Copy trading Bot: This Copy Trading Bot written by rust to improve speed and quality - Whales Targeting Copy Trading Bot, Solana Copy trading Bot, Solana Copy trading Bot, Solana Copy trading Bot, Solana Copy trading Bot, Solana Copy trading Bot, Solana Copy trading Bot, Solana Copy trading Bot, Solana Copy trading Bot, Solana Copy trading",1,,"bot, copytrading, rust, solana",main,2025-02-11 06:23:30+00:00,2025-02-07 15:59:56+00:00,2025-02-21 20:49:24+00:00
vvizardev/solana-ai-agent-trade,833191602,solana-ai-agent-trade,False,vvizardev,https://github.com/vvizardev,https://github.com/vvizardev/solana-ai-agent-trade,29,5,29,TypeScript,solana ai agent : this is ai agent on solana for trading ( solana ai agent ),0,Apache License 2.0,"solana, agent, ai, chatbot",main,2025-01-25 16:30:16+00:00,2024-07-24 14:32:08+00:00,2025-02-19 01:56:19+00:00
input-output-hk/catalyst-voices,695007969,catalyst-voices,False,input-output-hk,https://github.com/input-output-hk,https://github.com/input-output-hk/catalyst-voices,32,9,32,Dart,"üéôÔ∏è Catalyst Voices provides a unified experience and platform including production-ready liquid democracy, meaningful collaboration opportunities & data-driven context for better onboarding & decisions.",346,Apache License 2.0,"cardano, catalyst, dart, flutter, rust, web3",main,2025-02-22 01:03:03+00:00,2023-09-22 06:48:14+00:00,2025-02-21 18:13:32+00:00
AstarNetwork/astar-apps,388420363,astar-apps,False,AstarNetwork,https://github.com/AstarNetwork,https://github.com/AstarNetwork/astar-apps,69,94,69,CSS,The official Astar Network portal for accessing your tokens and other native features!,19,GNU General Public License v3.0,"blockchain, astar-network, vue3, quasar-framework",main,2025-02-21 11:01:49+00:00,2021-07-22 10:22:10+00:00,2025-02-09 13:03:16+00:00
eqlabs/eclipse,433697171,eclipse,False,eqlabs,https://github.com/eqlabs,https://github.com/eqlabs/eclipse,18,5,18,Rust,Bridging ecosystems by storing Zero-knowledge proofs of Solana votes on the Aleo blockchain.,0,GNU General Public License v3.0,,main,2024-03-14 19:19:23+00:00,2021-12-01 05:36:33+00:00,2024-11-20 08:21:27+00:00
SURAJPATIL6088/Fake-Product-Identification-Using-Blockchain,678644579,Fake-Product-Identification-Using-Blockchain,False,SURAJPATIL6088,https://github.com/SURAJPATIL6088,https://github.com/SURAJPATIL6088/Fake-Product-Identification-Using-Blockchain,31,11,31,JavaScript,"To ensure the identification and traceability of real products throughout the supply chain, this project is the first to propose a fully functional blockchain system to prevent product counterfeiting.",0,MIT License,"blockchain-technology, css3, html, javascript, reactjs, smart-contracts, solidity, tailwindcss, web3js, truffle, hardhat, metamask, npm-package",master,2024-08-15 02:24:27+00:00,2023-08-15 02:59:39+00:00,2025-02-19 16:58:44+00:00
HarukaMa/aleo-explorer,502159032,aleo-explorer,False,HarukaMa,https://github.com/HarukaMa,https://github.com/HarukaMa/aleo-explorer,122,83,122,Python,Open source explorer for the Aleo network,8,GNU Affero General Public License v3.0,"aleo, blockchain",mainnet-newdb,2025-02-19 17:49:31+00:00,2022-06-10 19:30:36+00:00,2025-02-19 17:49:35+00:00
digbenjamins/SolanaTokenSniper,901360242,SolanaTokenSniper,False,digbenjamins,https://github.com/digbenjamins,https://github.com/digbenjamins/SolanaTokenSniper,58,62,58,TypeScript,,4,,,main,2025-02-05 20:28:45+00:00,2024-12-10 14:12:57+00:00,2025-02-21 12:44:02+00:00
rainbow-me/browser-extension,542889195,browser-extension,False,rainbow-me,https://github.com/rainbow-me,https://github.com/rainbow-me/browser-extension,173,48,173,TypeScript,An Ethereum wallet built for speed üåà,22,GNU General Public License v3.0,,master,2025-02-21 18:47:55+00:00,2022-09-29 02:55:33+00:00,2025-02-20 08:50:18+00:00
snapdao/btcsnap,467016235,btcsnap,False,snapdao,https://github.com/snapdao,https://github.com/snapdao/btcsnap,59,42,59,TypeScript,Manage your bitcoin with Metamask Flask and btcsnap,5,,"bitcoin, metamask, wallet",master,2024-09-02 09:14:43+00:00,2022-03-07 08:58:17+00:00,2024-12-31 20:30:47+00:00
Cardano-Fans/crfa-offchain-data-registry,443330972,crfa-offchain-data-registry,False,Cardano-Fans,https://github.com/Cardano-Fans,https://github.com/Cardano-Fans/crfa-offchain-data-registry,36,23,36,,Provides offchain metadata about dApps and metadata keys,2,MIT License,,main,2024-12-03 16:45:23+00:00,2021-12-31 11:33:28+00:00,2025-01-31 03:40:53+00:00
KashifCh-eth/blockchain-voting-system-,615127851,blockchain-voting-system-,False,KashifCh-eth,https://github.com/KashifCh-eth,https://github.com/KashifCh-eth/blockchain-voting-system-,32,68,32,JavaScript,blockchain voting system ,0,,"blockchain-voting, voting-system, blockchain-voting-system, blockchainvoting, blockchain, ethereum, privacy",main,2024-07-01 13:22:18+00:00,2023-03-17 02:19:59+00:00,2025-02-20 04:29:25+00:00
ChaosDAO-org/InternalGov-2.0,600408440,InternalGov-2.0,False,ChaosDAO-org,https://github.com/ChaosDAO-org,https://github.com/ChaosDAO-org/InternalGov-2.0,23,15,23,Python,Monitor governance referendas on Polkadot/Kusama - Create a thread for each referenda for internal users to discuss before proxy account makes the vote.,12,Apache License 2.0,,main,2025-02-17 02:18:11+00:00,2023-02-11 12:01:18+00:00,2025-02-16 21:24:07+00:00
dante4rt/valhalla-foundation-bot,802366594,valhalla-foundation-bot,False,dante4rt,https://github.com/dante4rt,https://github.com/dante4rt/valhalla-foundation-bot,5,9,5,JavaScript,A bot for automating the completion and claiming of quests on the Infinigods platform.,0,,"airdrop, bot, foundation, valhalla, web3",main,2024-05-18 17:27:26+00:00,2024-05-18 05:24:56+00:00,2025-02-08 11:33:45+00:00
AnotherRusty/raydium-amm-pool-info,809489059,raydium-amm-pool-info,False,AnotherRusty,https://github.com/AnotherRusty,https://github.com/AnotherRusty/raydium-amm-pool-info,15,10,15,Rust,Raydium Pool Info fetch. Raydium basetoken price. Raydium pool liquidity. Raydium pool marketcap ,0,,"raydium, raydium-sdk, rust, solana, pool",feature-init,2024-09-20 10:06:49+00:00,2024-06-02 20:38:08+00:00,2025-02-21 03:31:51+00:00
lil-org/big-wallet,378484958,big-wallet,False,lil-org,https://github.com/lil-org,https://github.com/lil-org/big-wallet,183,78,183,Swift,crypto wallet for safari,2,Creative Commons Zero v1.0 Universal,"ethereum-wallet, ios, macos, safari-extension, swift, visionos, web3",main,2025-02-19 09:48:31+00:00,2021-06-19 18:58:15+00:00,2025-02-19 09:48:36+00:00
WhalesIsland/Nextheon,918414436,Nextheon,False,WhalesIsland,https://github.com/WhalesIsland,https://github.com/WhalesIsland/Nextheon,44,9,44,TypeScript,Next-generation AI+DeFi intelligent framework,0,MIT License,,main,2025-01-22 16:07:26+00:00,2025-01-17 22:08:44+00:00,2025-01-26 12:10:47+00:00
mateolafalce/SOLotery,525015947,SOLotery,False,mateolafalce,https://github.com/mateolafalce,https://github.com/mateolafalce/SOLotery,9,6,9,Rust,A decentralized lottery program with daily updates and automatic draw with a maximum of 300 participantsüÉè. Focused on the new paradigm of web3 gambling on the Solana blockchain.,0,Apache License 2.0,"decentralized, decentralized-applications, smart-contracts, solana, lottery, open-source, rust",main,2024-06-09 19:07:02+00:00,2022-08-15 14:20:42+00:00,2025-01-28 22:09:38+00:00
hvuhsg/twallet,669806078,twallet,False,hvuhsg,https://github.com/hvuhsg,https://github.com/hvuhsg/twallet,7,7,7,Python,Telegram TON Wallet bot,1,,"bot, telegram, toncoin, wallet",main,2024-04-10 15:49:44+00:00,2023-07-23 13:43:58+00:00,2025-01-10 20:21:26+00:00
sCrypt-Inc/tic-tac-toe,345540299,tic-tac-toe,False,sCrypt-Inc,https://github.com/sCrypt-Inc,https://github.com/sCrypt-Inc/tic-tac-toe,16,20,16,TypeScript,"Tutorial for building a fully onchain application on Bitcoin, exemplified using Tic-tac-toe.",5,MIT License,"tutorial, bitcoin",main,2024-04-08 11:58:20+00:00,2021-03-08 05:25:02+00:00,2025-02-05 13:30:35+00:00
jaibhedia/ChainzRegistry,695309967,ChainzRegistry,False,jaibhedia,https://github.com/jaibhedia,https://github.com/jaibhedia/ChainzRegistry,9,14,9,Jupyter Notebook,NFT Based Land Records Management,33,MIT License,,main,2024-08-10 14:10:56+00:00,2023-09-22 20:35:19+00:00,2025-02-08 11:44:46+00:00
Mowgli9/ERC1155-P2E-Game-,479102627,ERC1155-P2E-Game-,False,Mowgli9,https://github.com/Mowgli9,https://github.com/Mowgli9/ERC1155-P2E-Game-,9,5,9,Python,a full decentralized with almost all functionality in Solidity/Brownie,0,,"solidity, solidity-contracts, p2e-game, nft, brownie, erc20, erc1155",main,2024-03-24 13:25:44+00:00,2022-04-07 18:24:14+00:00,2024-11-07 14:55:13+00:00
pedrala/CryptoExchange,412005296,CryptoExchange,False,pedrala,https://github.com/pedrala,https://github.com/pedrala/CryptoExchange,6,6,6,Vue,"Crypto Exchange developed by Vue, Element-UI, Javascript. This Ex provides various functions like Trading, Deposit/Withdraw, Login with Blockchain Verification API.",0,MIT License,,master,2025-01-06 07:07:57+00:00,2021-09-30 09:37:41+00:00,2025-01-06 07:08:06+00:00
veithly/BountyBoard,838268637,BountyBoard,False,veithly,https://github.com/veithly,https://github.com/veithly/BountyBoard,906,8,906,TypeScript,Bounty Board is a decentralized platform designed to streamline Web3 community activities. ,0,,,master,2025-01-17 03:29:10+00:00,2024-08-05 09:47:04+00:00,2025-02-13 13:37:48+00:00
unicef/project-connect-daily-check-app,480844353,project-connect-daily-check-app,False,unicef,https://github.com/unicef,https://github.com/unicef/project-connect-daily-check-app,7,8,7,TypeScript,The Daily Check App is a Windows desktop application that automatically measures the internet upload and download speed of a network using minimal data. The App is automatically scheduled to run two random internet speed tests daily.,2,GNU Affero General Public License v3.0,,main,2025-02-19 14:31:37+00:00,2022-04-12 14:25:27+00:00,2024-12-03 14:38:45+00:00
stabilitydao/stability-contracts,712101937,stability-contracts,False,stabilitydao,https://github.com/stabilitydao,https://github.com/stabilitydao/stability-contracts,34,8,34,Solidity,üíéüíéüíé Smart contracts of DeFi Asset Management Platform,33,MIT License,"defi, smart-contracts, solidity, yield-farming, ethereum, evm, liquidity-mining",main,2025-02-14 00:56:23+00:00,2023-10-30 19:46:10+00:00,2025-02-20 08:12:23+00:00
muellerberndt/legion,886525259,legion,False,muellerberndt,https://github.com/muellerberndt,https://github.com/muellerberndt/legion,94,14,94,Python,Scrappy bot army that automates web3 bug hunting workflows.,1,Other,,main,2025-02-07 05:49:40+00:00,2024-11-11 06:08:39+00:00,2025-02-22 02:06:18+00:00
Immutal0/solana-pumpfun-bundler-bot,931381573,solana-pumpfun-bundler-bot,False,Immutal0,https://github.com/Immutal0,https://github.com/Immutal0/solana-pumpfun-bundler-bot,6,8,6,TypeScript,"PumpFun bundler bot, create/buy token in single bundle for Pumpfun",0,,"bundler, buyselltrade, pumpdotfun, pumpfun",master,2025-02-21 08:02:10+00:00,2025-02-12 07:17:25+00:00,2025-02-21 08:02:13+00:00
public-awesome/marketplace,462123893,marketplace,False,public-awesome,https://github.com/public-awesome,https://github.com/public-awesome/marketplace,42,20,42,Rust,Stargaze Marketplace and Live Auctions smart contracts,20,Other,"cosmwasm, nft-marketplace, smart-contracts, stargaze, auction",main,2025-02-17 18:29:46+00:00,2022-02-22 03:31:44+00:00,2025-01-30 21:20:38+00:00
m3tozz/NeoCat,640474819,NeoCat,False,m3tozz,https://github.com/m3tozz,https://github.com/m3tozz/NeoCat,151,6,151,Shell,NeoCat - NeoFetch Theme Pack,0,GNU General Public License v3.0,"config, linux, neocat, neofetch, neofetch-clone, neofetch-config, neofetch-configuration, neofetch-themes, neofetch-theme, termux, termux-banner, hyprland-config",main,2025-01-15 07:39:16+00:00,2023-05-14 07:59:18+00:00,2025-02-14 09:16:45+00:00
hyperledger-labs/fabric-operations-console,374163460,fabric-operations-console,False,hyperledger-labs,https://github.com/hyperledger-labs,https://github.com/hyperledger-labs/fabric-operations-console,118,66,118,JavaScript,"A UI for managing Fabric peers, orderers, and CAs",21,Apache License 2.0,,main,2025-02-13 13:13:26+00:00,2021-06-05 16:36:05+00:00,2025-02-12 05:50:58+00:00
luckyr13/arwiki,350268616,arwiki,False,luckyr13,https://github.com/luckyr13,https://github.com/luckyr13/arwiki,45,17,45,TypeScript,A decentralized and permanent wiki for Arweave docs.,0,MIT License,"arweave, arweave-blockchain, arweave-permaweb, arweave-dapp, wiki, angular, blockchain, blockchain-technology, permaweb",master,2024-06-07 23:27:48+00:00,2021-03-22 08:42:57+00:00,2024-12-29 02:55:57+00:00
heroims/react-native-web3-wallet,501970312,react-native-web3-wallet,False,heroims,https://github.com/heroims,https://github.com/heroims/react-native-web3-wallet,49,13,49,JavaScript,Web3 Wallet in React Native (use ethers.js),1,,"blockchain, crypto, ethers, wallet, web3",main,2024-04-23 05:20:10+00:00,2022-06-10 08:53:36+00:00,2024-11-23 04:39:16+00:00
MShahabSepehri/CryptoMamba,909229002,CryptoMamba,False,MShahabSepehri,https://github.com/MShahabSepehri,https://github.com/MShahabSepehri/CryptoMamba,118,26,118,Python,The implementation of CryptoMamba: Leveraging State Space Models for Accurate Bitcoin Price Prediction,1,MIT License,,main,2025-02-17 02:18:24+00:00,2024-12-28 04:45:40+00:00,2025-02-21 20:34:29+00:00
okx/WEB3-DEX-SOLANA,898931408,WEB3-DEX-SOLANA,False,okx,https://github.com/okx,https://github.com/okx/WEB3-DEX-SOLANA,31,25,31,Rust,,2,,,main,2024-12-06 07:51:35+00:00,2024-12-05 10:02:43+00:00,2025-02-20 00:48:23+00:00
ApeWorX/ApePay,637530304,ApePay,False,ApeWorX,https://github.com/ApeWorX,https://github.com/ApeWorX/ApePay,22,8,22,TypeScript,A smart contract payment system built for automated service management,12,Apache License 2.0,"apeworx, smart-contracts, web3, ape",main,2025-02-17 07:00:53+00:00,2023-05-07 20:42:36+00:00,2025-02-21 20:19:59+00:00
maenDisease/Solana,627096328,Solana,False,maenDisease,https://github.com/maenDisease,https://github.com/maenDisease/Solana,34,33,34,SCSS,,15,,,master,2024-08-05 02:06:00+00:00,2023-04-12 19:21:25+00:00,2025-02-16 22:42:58+00:00
Jon-Becker/renoun,498573164,renoun,False,Jon-Becker,https://github.com/Jon-Becker,https://github.com/Jon-Becker/renoun,89,16,89,Solidity," On-chain, non-transferrable badges for rewarding GitHub contributions. ",0,MIT License,"eth, ethereum, github-actions, nft, nfts, smart-contract, soulbound-tokens",main,2024-04-14 23:16:14+00:00,2022-06-01 03:06:11+00:00,2024-09-08 04:56:18+00:00
questbook/grants-frontend,456392763,grants-frontend,False,questbook,https://github.com/questbook,https://github.com/questbook/grants-frontend,8,8,8,TypeScript,Repository containing frontend for Questbook's grant management tool.,45,Other,"nextjs, frontend, blockchain, grants, grants-management-project",master,2025-02-21 07:53:32+00:00,2022-02-07 06:59:23+00:00,2024-12-22 07:38:43+00:00
watase-eth/Web3-Trading-Card-App,645577157,Web3-Trading-Card-App,False,watase-eth,https://github.com/watase-eth,https://github.com/watase-eth/Web3-Trading-Card-App,5,21,5,TypeScript,,2,Apache License 2.0,,main,2024-04-18 10:00:54+00:00,2023-05-26 01:09:50+00:00,2024-12-27 07:26:49+00:00
web3-wallet/web3-wallet,512465861,web3-wallet,False,web3-wallet,https://github.com/web3-wallet,https://github.com/web3-wallet/web3-wallet,50,9,50,TypeScript,"A modular, extensible and flexible web3 wallet library for building dApps.",0,MIT License,"dapps, wallet, web3, react, typescript, evm",main,2025-02-06 11:46:16+00:00,2022-07-10 15:09:03+00:00,2025-02-20 19:28:50+00:00
bhanuprasadChesetti/Land-Registration-System-with-Blockchain,762683240,Land-Registration-System-with-Blockchain,False,bhanuprasadChesetti,https://github.com/bhanuprasadChesetti,https://github.com/bhanuprasadChesetti/Land-Registration-System-with-Blockchain,9,5,9,CSS,"This project uses ethereum blockchain to overcome the drawbacks of traditional land registration system that involves the middle men, long waiting time & paper work, and high charges in secure, transparent and fast manner.",3,,"flask, solidity, mongodb, land-registration-system-with-blockchain, ganache, metamask, ethereum",main,2024-05-13 14:18:12+00:00,2024-02-24 11:55:43+00:00,2025-02-08 18:33:20+00:00
Chia-Network/chia-nft-minting-tool,514368773,chia-nft-minting-tool,False,Chia-Network,https://github.com/Chia-Network,https://github.com/Chia-Network/chia-nft-minting-tool,10,14,10,Python,Bulk Minting tool for NFTs,5,Apache License 2.0,,main,2025-02-21 18:01:59+00:00,2022-07-15 18:31:05+00:00,2025-02-21 18:02:01+00:00
s5-dev/S5,553776416,S5,False,s5-dev,https://github.com/s5-dev,https://github.com/s5-dev/S5,60,7,60,Dart,Decentralized content-addressed storage network,7,MIT License,"decentralized, p2p, blake3, cid, content-addressed, dart, rust",main,2024-06-05 13:41:33+00:00,2022-10-18 18:49:52+00:00,2025-01-01 16:32:15+00:00
PacktPublishing/Building-Full-Stack-DeFi-Application,585014978,Building-Full-Stack-DeFi-Application,False,PacktPublishing,https://github.com/PacktPublishing,https://github.com/PacktPublishing/Building-Full-Stack-DeFi-Application,21,17,21,JavaScript,"Building Full-stack DeFi Application, published by Packt Publishing",6,MIT License,,main,2024-04-18 06:48:14+00:00,2023-01-04 05:08:47+00:00,2025-02-10 07:13:45+00:00
WorkWorkWeb3/Web3-Recruitment-Platform,620794087,Web3-Recruitment-Platform,False,WorkWorkWeb3,https://github.com/WorkWorkWeb3,https://github.com/WorkWorkWeb3/Web3-Recruitment-Platform,793,48,793,,Web3 and remote work recruitment platforms and channels summary.ÔΩúWeb3ÂèäËøúÁ®ãÂ∑•‰ΩúÊãõËÅòÂπ≥Âè∞„ÄÅÈ¢ëÈÅìÊ±áÊÄªÔΩúMade in @WorkWorkWeb3,4,Creative Commons Attribution Share Alike 4.0 International,"recruitment, web3, website, websites",main,2025-02-20 16:07:44+00:00,2023-03-29 11:41:58+00:00,2025-02-20 16:07:48+00:00
mrtnetwork/mrtwallet,725749158,mrtwallet,False,mrtnetwork,https://github.com/mrtnetwork,https://github.com/mrtnetwork/mrtwallet,33,8,33,Dart,"Open-source decentralized wallet for the future of finance. Securely manage assets, support for Bitcoin, XRP, Ethereum, Tron, Ton, Cosmos, Kusama, Polkadot, Substrate, Monero, Aptos, Sui, Stellar , Dogecoin, Litecoin, Dash and more.",5,Other,"android, bitcoin, litecoin, xrp, ethereum, tron, wallet, cardano, cosmos, web3, chrome-extensions, dogecoin, macos, monero, substrate, ton, windows, aptos, sui",main,2025-02-19 12:38:20+00:00,2023-11-30 19:47:01+00:00,2025-02-19 12:38:24+00:00
ScopeLift/flexible-voting,483786597,flexible-voting,False,ScopeLift,https://github.com/ScopeLift,https://github.com/ScopeLift/flexible-voting,87,9,87,Solidity,üí™üó≥Ô∏è Flexible Voting ‚Äì A Powerful Building Block for DAO Governance,9,MIT License,"dao, ethereum, governance, governor, smart-contracts, solidity",master,2025-01-21 18:58:17+00:00,2022-04-20 19:26:45+00:00,2025-01-27 03:31:57+00:00
parasol-aser/vrust-open-source,561792648,vrust-open-source,False,parasol-aser,https://github.com/parasol-aser,https://github.com/parasol-aser/vrust-open-source,20,10,20,Rust,Automated Vulnerability Detection for Solana Smart Contracts,2,,,main,2024-05-21 16:29:25+00:00,2022-11-04 13:59:34+00:00,2025-02-11 12:03:39+00:00
web3bio/web3bio,510563299,web3bio,False,web3bio,https://github.com/web3bio,https://github.com/web3bio/web3bio,31,10,31,TypeScript,Web3.bio - Web3 Identity Graph Search and Link-in-bio Profile Service,0,MIT License,"web3, ens, ethereum, did, domains, farcaster, lens",main,2024-09-29 06:39:50+00:00,2022-07-05 02:35:49+00:00,2025-02-08 11:22:02+00:00
Galxe/galxe-contracts,481272657,galxe-contracts,False,Galxe,https://github.com/Galxe,https://github.com/Galxe/galxe-contracts,154,96,154,Solidity,Galxe smart contracts,11,Apache License 2.0,"blockchain, ethereum, project-galaxy, smart-contracts, hardhat, solidity, galxe",main,2024-06-05 18:44:36+00:00,2022-04-13 15:31:01+00:00,2025-02-10 06:01:03+00:00
0xB10C/miningpool-observer,361530952,miningpool-observer,False,0xB10C,https://github.com/0xB10C,https://github.com/0xB10C/miningpool-observer,62,13,62,Rust,Transparency for Mining Pool Transaction Selection,15,MIT License,"bitcoin, mining-pool",master,2025-01-17 15:48:40+00:00,2021-04-25 20:26:59+00:00,2025-02-14 06:35:51+00:00
nectariferous/Infinity-Web3-Crypto-Bot,833424516,Infinity-Web3-Crypto-Bot,False,nectariferous,https://github.com/nectariferous,https://github.com/nectariferous/Infinity-Web3-Crypto-Bot,15,51,15,JavaScript, üåê A Telegram bot and web application for engaging users in cryptocurrency and Web3 technologies.,0,,"telegram, telegram-airdrops, telegram-bot-api, telegram-bots, telegram-js, telegram-mini-apps, telegram-web-apps, twa, telegram-farming, telegram-giveaway",main,2024-07-25 04:02:43+00:00,2024-07-25 03:07:43+00:00,2025-01-30 07:41:13+00:00
pump-fun-official/pump-fun-bot,932729921,pump-fun-bot,False,pump-fun-official,https://github.com/pump-fun-official,https://github.com/pump-fun-official/pump-fun-bot,111,41,111,Python,,0,MIT License,"coingecko-api, copytrading, copytradingbot, dex-integration, liquidity-management, pump, pump-fun, pump-fun-bot, pump-fun-volume-bot, pumpfun-multiwallet, pumpfun-price-api, solana, solana-balance-checker, solana-program, solana-rpc, solana-token, solana-volume-bot, token-management, tradingbot",main,2025-02-18 20:40:02+00:00,2025-02-14 12:15:24+00:00,2025-02-19 12:31:05+00:00
RadiantBlockchain-Community/photonic-wallet,741341261,photonic-wallet,False,RadiantBlockchain-Community,https://github.com/RadiantBlockchain-Community,https://github.com/RadiantBlockchain-Community/photonic-wallet,6,6,6,TypeScript,Non-custodial wallet for minting tokens on the Radiant blockchain,0,MIT License,,master,2025-01-11 07:18:21+00:00,2024-01-10 07:37:46+00:00,2025-01-11 07:16:05+00:00
raphaellueckl/kraken-dca,475616294,kraken-dca,False,raphaellueckl,https://github.com/raphaellueckl,https://github.com/raphaellueckl/kraken-dca,30,8,30,JavaScript,A flexible Bitcoin DCA app for the cryptocurrency exchange kraken.com!,3,,,master,2024-11-05 15:53:06+00:00,2022-03-29 20:53:20+00:00,2025-02-11 13:42:56+00:00
Crypto-Phunks/nft-sales-twitter-bot,511641073,nft-sales-twitter-bot,False,Crypto-Phunks,https://github.com/Crypto-Phunks,https://github.com/Crypto-Phunks/nft-sales-twitter-bot,18,17,18,TypeScript,,4,Creative Commons Zero v1.0 Universal,,main,2024-03-17 15:51:37+00:00,2022-07-07 18:52:14+00:00,2024-08-20 18:42:53+00:00
satimoto/satimoto,399491600,satimoto,False,satimoto,https://github.com/satimoto,https://github.com/satimoto/satimoto,19,5,19,Swift,"No sign-up, no credit cards, charge your electric vehicle and pay instantly using Bitcoin over the Lightning Network",7,MIT License,"lightning, lng, android, ios, react-native, bitcoin, lightning-network, neutrino, lnd-mobile, golang, grpc, java, swift, typescript",main,2024-08-08 11:43:50+00:00,2021-08-24 14:16:20+00:00,2025-01-03 07:56:43+00:00
nikgeokar/tgcn_lstm_for_crypto_forecasting,615712334,tgcn_lstm_for_crypto_forecasting,False,nikgeokar,https://github.com/nikgeokar,https://github.com/nikgeokar/tgcn_lstm_for_crypto_forecasting,17,6,17,Jupyter Notebook,"This repository contains code and notebooks for a project focused on cryptocurrency price prediction. The project aims to explore and compare different machine learning approaches, including graph neural networks (GNNs) and Long Short-Term Memory (LSTM) models, to forecast cryptocurrency prices accurately.",0,,,master,2024-11-11 10:55:36+00:00,2023-03-18 13:11:59+00:00,2024-12-20 19:19:42+00:00
dante4rt/sonic-odyssey-bot,817551599,sonic-odyssey-bot,False,dante4rt,https://github.com/dante4rt,https://github.com/dante4rt/sonic-odyssey-bot,131,183,131,JavaScript,Sonic Odyssey Bot is an application for sending SOL (Solana) cryptocurrency transactions using seed phrases or private keys to random addresses.,7,MIT License,"airdrop, automation, bot, odyssey, solana, sonic, testnet, web3",main,2024-11-11 17:28:53+00:00,2024-06-20 01:06:00+00:00,2025-01-22 10:39:06+00:00
ethersphere/swarm-desktop,465521639,swarm-desktop,False,ethersphere,https://github.com/ethersphere,https://github.com/ethersphere/swarm-desktop,27,14,27,TypeScript,Electron Desktop app that helps you easily spin up and manage Swarm node,68,"BSD 3-Clause ""New"" or ""Revised"" License","electron, ethereum, swarm",master,2025-01-17 12:43:41+00:00,2022-03-03 01:07:47+00:00,2025-01-15 11:38:36+00:00
synonymdev/beignet,680906249,beignet,False,synonymdev,https://github.com/synonymdev,https://github.com/synonymdev/beignet,23,6,23,TypeScript,"An instant, self-custodial Bitcoin wallet for JS devs.",4,MIT License,"bitcoin, bitcoin-wallet, wallet",master,2025-02-10 23:59:31+00:00,2023-08-20 19:28:38+00:00,2025-02-13 19:31:06+00:00
forbole/big-dipper-2.0-cosmos,350972215,big-dipper-2.0-cosmos,False,forbole,https://github.com/forbole,https://github.com/forbole/big-dipper-2.0-cosmos,142,340,142,TypeScript,,37,Apache License 2.0,"block-explorer, blockchain, cosmos, cosmos-hub, cosmos-sdk, cryptocurrency, decentralized, staking, tendermint, validators",main,2024-11-25 08:35:18+00:00,2021-03-24 06:36:39+00:00,2025-01-22 16:33:10+00:00
mental32/exchange-orderbook,555822087,exchange-orderbook,False,mental32,https://github.com/mental32,https://github.com/mental32/exchange-orderbook,18,6,18,Rust,"A Full-stack, Auction-market, Spot-exchange written in Rust.",0,Other,"bitcoin, cryptocurrency, cryptocurrency-exchanges, exchange, exchange-api, hft, hft-trading, lock-free, low-latency, matching-engine, order-book, rust, stock-market, trading-api, trading-platform",main,2024-09-28 13:37:55+00:00,2022-10-22 12:13:20+00:00,2025-02-01 15:54:14+00:00
block-core/blockcore-wallet,390100350,blockcore-wallet,False,block-core,https://github.com/block-core,https://github.com/block-core/blockcore-wallet,45,40,45,TypeScript,"Web5 Wallet for your coins, tokens, identities, NFTs and more.",97,MIT License,"web3, cryptocurrency, extension, wallet, web5, nostr",main,2025-02-07 18:34:34+00:00,2021-07-27 19:16:04+00:00,2025-02-07 18:34:38+00:00
FuelLabs/fuel-agent-kit,903917121,fuel-agent-kit,False,FuelLabs,https://github.com/FuelLabs,https://github.com/FuelLabs/fuel-agent-kit,34,11,34,TypeScript,,16,MIT License,"agent, ai, crypto, ethereum, fuel, web3",main,2025-01-17 21:48:32+00:00,2024-12-15 22:04:07+00:00,2025-01-22 14:45:51+00:00
DracoR22/handi-cat_wallet-tracker,823457017,handi-cat_wallet-tracker,False,DracoR22,https://github.com/DracoR22,https://github.com/DracoR22/handi-cat_wallet-tracker,141,65,141,TypeScript,"Solana wallet tracker Telegram Bot, follow any wallet and get detailed information about every transaction in Raydium, Jupiter and pump.fun üò∫",10,,"crypto, solana, solana-wallet-tracker, telegram-bot, web3, pumpfun, pumpfun-bot, raydium",main,2025-02-18 16:49:53+00:00,2024-07-03 04:38:03+00:00,2025-02-21 10:07:02+00:00
lorenzourera/solana-auto-sell-bot,756328316,solana-auto-sell-bot,False,lorenzourera,https://github.com/lorenzourera,https://github.com/lorenzourera/solana-auto-sell-bot,109,32,109,Python,This script continuously scans a Solana wallet for SPL tokens and tracks their age (time held) in seconds. Once a certain time has elapsed it will sell the token on raydium or pumpfun.,2,,"solana, solana-bot, trading-bot, pump-fun, pump-fun-bot, raydium, raydium-bot, defi, dex, memecoin, memefi",main,2025-01-13 09:15:25+00:00,2024-02-12 13:02:13+00:00,2025-02-20 02:18:09+00:00
feram18/led-stock-ticker,365427188,led-stock-ticker,False,feram18,https://github.com/feram18,https://github.com/feram18/led-stock-ticker,86,12,86,Python,"A display for real-time prices of stocks, cryptocurrencies, and forex rates on a Raspberry Pi-driven RGB LED matrix board. üìà",6,GNU General Public License v3.0,"raspberry-pi, led-matrix, adafruit, stock-data, cryptocurrencies, travis-ci, forex",master,2024-04-03 20:49:28+00:00,2021-05-08 05:29:35+00:00,2025-02-11 17:35:19+00:00
sidrisov/payflow,664372149,payflow,False,sidrisov,https://github.com/sidrisov,https://github.com/sidrisov/payflow,21,8,21,TypeScript,"PayFlow.me brings simplified crypto payment flows to Ethereum Layer 2, with secure Safe AA and gasless transactions",0,GNU General Public License v3.0,"crypto, defi, donations, ethereum, gasless-transactions, multichain, payment-management, payments, smart-wallet, web3, freelancer-payments, safe-aa",main,2025-02-20 16:54:27+00:00,2023-07-09 19:20:01+00:00,2025-02-20 16:54:31+00:00
AngleProtocol/borrow-contracts,454086323,borrow-contracts,False,AngleProtocol,https://github.com/AngleProtocol,https://github.com/AngleProtocol/borrow-contracts,38,17,38,TypeScript,ü¶æ Smart contracts for Angle Borrowing Module,4,GNU General Public License v3.0,"ethereum, foundry, hardhat, solidity",main,2024-11-27 11:39:50+00:00,2022-01-31 16:40:00+00:00,2024-11-27 11:39:59+00:00
RCasatta/blocks_iterator,360521076,blocks_iterator,False,RCasatta,https://github.com/RCasatta,https://github.com/RCasatta/blocks_iterator,57,8,57,Rust,Iterate over bitcoin blocks,14,MIT License,"bitcoin, rust, blocks",master,2025-01-19 17:26:39+00:00,2021-04-22 13:02:52+00:00,2025-02-06 14:52:49+00:00
victorybiz/laravel-crypto-payment-gateway,398644487,laravel-crypto-payment-gateway,False,victorybiz,https://github.com/victorybiz,https://github.com/victorybiz/laravel-crypto-payment-gateway,59,22,59,CSS,GoUrl.io Crypto Payment Gateway for Laravel,5,MIT License,"laravel, php, cryptocurrency, bitcoin, bitcoin-wallet, bitcoin-api, crypto, cryptocurrencies, payment-gateway, crypto-library, cryptocoins, bitcoin-payment, gourl",main,2024-04-01 19:18:34+00:00,2021-08-21 19:51:07+00:00,2025-02-19 21:57:45+00:00
Daltonic/dappFundsX,721227041,dappFundsX,False,Daltonic,https://github.com/Daltonic,https://github.com/Daltonic/dappFundsX,10,6,10,TypeScript,The DappFund.sol project is a Solidity-written Ethereum smart contract that serves as the backbone of a decentralized application (dApp) for charity purposes. It leverages the OpenZeppelin library to ensure secure and standardized development of the contract.,1,MIT License,"bitfinity, blockchain, dapps, nextjs, smart-contracts, solidity, typescript, web3",master,2024-03-24 08:38:31+00:00,2023-11-20 16:04:52+00:00,2024-10-16 17:40:36+00:00
pawurb/Locker,373336389,Locker,False,pawurb,https://github.com/pawurb,https://github.com/pawurb/Locker,31,6,31,TypeScript,"Ethereum Smart Contracts for locking Ether, ERC20 and ERC721 tokens based on time and price conditions",0,MIT License,"ether, blockchain, ethereum, erc20",main,2024-02-25 21:21:02+00:00,2021-06-03 00:23:08+00:00,2024-07-10 02:35:25+00:00
cryptodevhub/site,359175713,site,False,cryptodevhub,https://github.com/cryptodevhub,https://github.com/cryptodevhub/site,35,9,35,JavaScript,The official CryptoDevHub Website + Wiki,0,,"wiki, blockchain-developers, crypto, blockchain, cryptocurrency, bitcoin, ethereum, polkadot, cosmos, smart-contracts, evm, ethereum-virtual-machine, smart-contract",main,2024-06-12 08:38:31+00:00,2021-04-18 15:06:53+00:00,2025-01-19 13:12:06+00:00
oasysgames/oasys-blockscout,474613927,oasys-blockscout,False,oasysgames,https://github.com/oasysgames,https://github.com/oasysgames/oasys-blockscout,6,6,6,Elixir,Blockchain explorer for Ethereum based network and a tool for inspecting and analyzing EVM based blockchains.,0,GNU General Public License v3.0,,main,2024-06-11 01:54:30+00:00,2022-03-27 11:13:22+00:00,2024-06-11 01:52:59+00:00
shorthouse/CoinWatch,655260745,CoinWatch,False,shorthouse,https://github.com/shorthouse,https://github.com/shorthouse/CoinWatch,129,10,129,Kotlin,"CoinWatch is an Android cryptocurrency app providing real-time coin prices, price histories, and market data, built using the latest Android architecture components",4,,"android, android-clean-architecture, coroutines, crypto, cryptocurrency, finance, hilt, jetpack-compose, junit, kotlin, kotlin-coroutines, ktlint, material-design-3, mvvm, room-persistence-library, compose, android-jetpack, retrofit, jetpack-compose-example, bitcoin",main,2025-01-10 11:37:42+00:00,2023-06-18 11:28:46+00:00,2025-02-21 14:31:47+00:00
BoltzExchange/boltz-web-app,611253330,boltz-web-app,False,BoltzExchange,https://github.com/BoltzExchange,https://github.com/BoltzExchange/boltz-web-app,79,32,79,TypeScript,Boltz Web App,34,GNU Affero General Public License v3.0,"bitcoin, lightning, lightning-network, atomic-swap, submarine-swap, liquid-network",main,2025-02-14 21:26:56+00:00,2023-03-08 12:54:25+00:00,2025-02-14 20:19:32+00:00
hyperlane-xyz/hyperlane-nft,514324897,hyperlane-nft,False,hyperlane-xyz,https://github.com/hyperlane-xyz,https://github.com/hyperlane-xyz/hyperlane-nft,12,12,12,TypeScript,A cross-chain NFT app built on Hyperlane,1,Other,,main,2024-05-16 16:25:15+00:00,2022-07-15 15:51:06+00:00,2024-07-21 18:16:43+00:00
mrmendoza-dev/cryptotracker,552225499,cryptotracker,False,mrmendoza-dev,https://github.com/mrmendoza-dev,https://github.com/mrmendoza-dev/cryptotracker,21,11,21,TypeScript,Track prices and market data for 1000s of cryptocurrencies with the CoinGecko API. Modeled after CoinMarketCap and CoinGecko.,1,MIT License,"cryptocurrency, react, coingecko, coinmarketcap, bitcoin, ethereum, coingecko-api, coingeckoapi, etherscan, tailwindcss",master,2025-02-10 15:25:13+00:00,2022-10-16 05:06:59+00:00,2025-02-10 15:25:17+00:00
Consensys/codefi-assets-and-payments,550170999,codefi-assets-and-payments,False,Consensys,https://github.com/Consensys,https://github.com/Consensys/codefi-assets-and-payments,20,16,20,TypeScript,Platform for creating and managing digital assets as financial instruments,7,Apache License 2.0,"finance, cbdc, erc-1400, erc-20, ethereum, payments",main,2024-06-24 13:28:55+00:00,2022-10-12 10:11:32+00:00,2024-12-04 15:11:36+00:00
avengers-777/lightningenergy,791601121,lightningenergy,False,avengers-777,https://github.com/avengers-777,https://github.com/avengers-777/lightningenergy,16,12,16,Java,ËøôÊòØ‰∏Ä‰∏™Âü∫‰∫éTRONÂå∫ÂùóÈìæÁöÑËÉΩÈáèÁßüËµÅ‰∏éËá™Âä®ÂõûÊî∂Âπ≥Âè∞,0,,,main,2024-04-25 03:36:29+00:00,2024-04-25 02:37:59+00:00,2025-01-18 07:03:36+00:00
0xTan1319/Sui-Sniper-Bot,908095034,Sui-Sniper-Bot,False,0xTan1319,https://github.com/0xTan1319,https://github.com/0xTan1319/Sui-Sniper-Bot,7,9,7,,Sniper bot on sui blockchain,0,,,main,2024-12-25 05:58:41+00:00,2024-12-25 05:47:13+00:00,2025-02-09 20:33:13+00:00
owallet-io/owallet,546614312,owallet,False,owallet-io,https://github.com/owallet-io,https://github.com/owallet-io/owallet,17,22,17,TypeScript,OWallet: Bitcoin x Cosmos-based x EVM in one wallet,7,Other,"bitcoin, blockchain, browser-extention, cosmos-sdk, ethereum, mobile-app, tron-protocol, wallet, injective, oraichain, osmosis",main,2025-02-21 04:00:16+00:00,2022-10-06 11:11:52+00:00,2025-02-20 04:37:16+00:00
TON-NFT/ton-wallet-utils,597095863,ton-wallet-utils,False,TON-NFT,https://github.com/TON-NFT,https://github.com/TON-NFT/ton-wallet-utils,18,5,18,JavaScript,https://www.npmjs.com/package/ton-wallet-utils,4,,,main,2024-06-16 08:39:44+00:00,2023-02-03 16:10:23+00:00,2025-01-31 10:38:51+00:00
DeFiApprentice/Solana-V6-DefiX-Opensource,847444759,Solana-V6-DefiX-Opensource,False,DeFiApprentice,https://github.com/DeFiApprentice,https://github.com/DeFiApprentice/Solana-V6-DefiX-Opensource,49,25,49,JavaScript,Solana Sniping Bot from DeFiX team,3,,,main,2024-08-25 20:52:00+00:00,2024-08-25 20:50:24+00:00,2025-02-18 09:18:51+00:00
NostrChat/NostrChat,617832217,NostrChat,False,NostrChat,https://github.com/NostrChat,https://github.com/NostrChat/NostrChat,125,26,125,TypeScript,NostrChat is one of the most decentralized chat apps ever built.,9,MIT License,"nostr, bitcoin, chat, social-network",development,2024-05-25 16:34:46+00:00,2023-03-23 07:51:09+00:00,2025-02-19 13:18:14+00:00
subaquatic-pierre/raderbot,651909501,raderbot,False,subaquatic-pierre,https://github.com/subaquatic-pierre,https://github.com/subaquatic-pierre/raderbot,19,7,19,Rust,Raderbot is a Rust-based trading bot designed to interact with the BingX WebSocket API for market data analysis and trading operations.,0,Other,"cryptocurrency, hft-trading, rust",main,2024-07-24 11:25:00+00:00,2023-06-10 13:17:33+00:00,2024-11-29 22:25:36+00:00
Unbesteveable/utxo-live,356334569,utxo-live,False,Unbesteveable,https://github.com/Unbesteveable,https://github.com/Unbesteveable/utxo-live,35,13,35,Python,Visualize the bitcoin blockchain from your local node,3,,,main,2024-03-11 01:16:17+00:00,2021-04-09 16:29:13+00:00,2024-10-15 02:17:12+00:00
worldcoin/worldcoin-token,641088920,worldcoin-token,False,worldcoin,https://github.com/worldcoin,https://github.com/worldcoin/worldcoin-token,29,10,29,Solidity,Smart contracts for the WLD token.,1,MIT License,managed-by-terraform,main,2024-07-24 12:43:51+00:00,2023-05-15 18:54:36+00:00,2025-02-12 19:18:58+00:00
zohar888444/nft,511185957,nft,False,zohar888444,https://github.com/zohar888444,https://github.com/zohar888444/nft,141,73,141,Java,NFTÊï∞Â≠óËóèÂìÅËâ∫ÊúØÂìÅ‰∫§ÊòìÂπ≥Âè∞ÔºåÊï∞Â≠óËóèÂìÅÁ≥ªÁªüÊ∫êÁ†Å,0,Apache License 2.0,,main,2024-11-27 04:59:41+00:00,2022-07-06 15:09:09+00:00,2025-01-29 18:57:33+00:00
solagent99/Solana_AIAgent_Trading,924750497,Solana_AIAgent_Trading,False,solagent99,https://github.com/solagent99,https://github.com/solagent99/Solana_AIAgent_Trading,78,68,78,TypeScript,üî•Blockchain AI Agent for Solana Trading -AI Agent Trading Tool for the Solana memecoin - Solana AI Agent for Trading - Groundbreaking Solana AI Agent Strategy,0,Apache License 2.0,"ai, aiagent, blockchain, solana, langchain, trading",main,2025-02-07 16:10:30+00:00,2025-01-30 15:36:32+00:00,2025-02-21 17:08:13+00:00
justshiftjk/Raydium-Sniper-Bot-V2,931734225,Raydium-Sniper-Bot-V2,False,justshiftjk,https://github.com/justshiftjk,https://github.com/justshiftjk/Raydium-Sniper-Bot-V2,18,6,18,,"Solana Raydium Sniper Bot V2 is a high-speed, automated trading bot designed for sniping new token launches on Raydium. It leverages Solana Yellowstone gRPC for instant execution, RugCheck API for scam detection, and supports dynamic trade configurations.",0,,"grpc, jito-bundle, memecoin, radium-sniper, raydium-sdk, solana-trade-bot, typescript, yellowstone",main,2025-02-15 19:59:03+00:00,2025-02-12 19:09:57+00:00,2025-02-18 10:13:17+00:00
bithyve/bitcoin-keeper,470904030,bitcoin-keeper,False,bithyve,https://github.com/bithyve,https://github.com/bithyve/bitcoin-keeper,60,12,60,TypeScript,"Secure today, plan for tomorrow. BIP 85 hot wallets, buy bitcoin, tor privacy.",185,MIT License,"bitcoin, bitcoin-wallet, multisig, vault, keeper, wallet",sprint,2025-02-21 15:16:46+00:00,2022-03-17 08:17:28+00:00,2025-02-20 04:35:09+00:00
sivicstudio/starkludo,826372536,starkludo,False,sivicstudio,https://github.com/sivicstudio,https://github.com/sivicstudio/starkludo,17,72,17,Cairo,Ludo game on Starknet,0,MIT License,"blockchain, dojo, game, reactjs, starknet",dev,2025-02-10 10:59:45+00:00,2024-07-09 15:25:21+00:00,2025-02-10 10:59:49+00:00
bitcoinsearch/bitcoinsearch-app,557460172,bitcoinsearch-app,False,bitcoinsearch,https://github.com/bitcoinsearch,https://github.com/bitcoinsearch/bitcoinsearch-app,19,15,19,TypeScript,Search the depths of bitcoin‚Äôs technical ecosystem,19,Apache License 2.0,"bitcoin, data, knowledge-base, search-engine",main,2024-12-31 15:51:09+00:00,2022-10-25 18:22:00+00:00,2024-12-31 15:51:13+00:00
Satergo/Satergo,437407930,Satergo,False,Satergo,https://github.com/Satergo,https://github.com/Satergo/Satergo,33,15,33,Java,The desktop wallet for the Ergo cryptocurrency,1,Other,"wallet, crypto, cryptocurrency, ergo, desktop, javafx, java, cross-platform",master,2025-02-03 11:27:43+00:00,2021-12-11 23:08:34+00:00,2025-02-07 21:15:38+00:00
wizardsardine/liana,516003390,liana,False,wizardsardine,https://github.com/wizardsardine,https://github.com/wizardsardine/liana,358,65,358,Rust,The missing safety net for your coins,256,"BSD 3-Clause ""New"" or ""Revised"" License","bitcoin, safety, miniscript, wallet",master,2025-02-12 15:57:41+00:00,2022-07-20 13:57:06+00:00,2025-02-21 08:25:11+00:00
Tokemak/tokemak-smart-contracts-public,398040772,tokemak-smart-contracts-public,False,Tokemak,https://github.com/Tokemak,https://github.com/Tokemak/tokemak-smart-contracts-public,64,31,64,Solidity,A public repo of Tokemak's currently deployed contracts.,3,,,main,2024-06-19 20:29:04+00:00,2021-08-19 18:36:01+00:00,2025-01-03 11:32:57+00:00
EvanTWalter/DEX-JavaScript-Front-Running-Bot-V4-EvanTWalter,713392903,DEX-JavaScript-Front-Running-Bot-V4-EvanTWalter,False,EvanTWalter,https://github.com/EvanTWalter,https://github.com/EvanTWalter/DEX-JavaScript-Front-Running-Bot-V4-EvanTWalter,10,16,10,JavaScript,"Automate your trading with our open-source JavaScript bot that performs Front Running on DEX's. Simple to use and profitable, start making money now.",0,,"blockchain-explorer, cryptocurrency-exchange, gas, solidity, solidity-contracts",main,2024-10-26 14:59:23+00:00,2023-11-02 12:36:41+00:00,2025-01-19 19:23:58+00:00
joshuapjacob/crypto-volatility-surface,843230940,crypto-volatility-surface,False,joshuapjacob,https://github.com/joshuapjacob,https://github.com/joshuapjacob/crypto-volatility-surface,53,6,53,Python,A dashboard to visualize cryptocurrency implied volatility surfaces constructed with option data from Binance.,0,GNU General Public License v3.0,"binance, cryptocurrency, streamlit, volatility, volatility-smile, kernel-smoothing, plotly, svi",main,2025-02-04 23:52:46+00:00,2024-08-16 04:05:41+00:00,2025-02-19 16:36:25+00:00
L9T-Development/solana-mev-bot,927786873,solana-mev-bot,False,L9T-Development,https://github.com/L9T-Development,https://github.com/L9T-Development/solana-mev-bot,27,18,27,Rust,solana mev bot rust code,0,,,main,2025-02-10 22:03:49+00:00,2025-02-05 14:45:27+00:00,2025-02-21 14:35:07+00:00
